<doctrine-mapping xmlns="http://doctrine-project.org/schemas/orm/doctrine-mapping"
                  xmlns:xsi="http://www.w3.org/2001/XMLSchema-instance"
                  xsi:schemaLocation="http://doctrine-project.org/schemas/orm/doctrine-mapping
                          https://www.doctrine-project.org/schemas/orm/doctrine-mapping.xsd">

    <entity name="Plugin\DevKit\ORM\Entity\Term" table="terms">
        <id name="id" type="bigint" column="term_id">
            <generator strategy="AUTO" />
            <options>
                <option name="unsigned">true</option>
            </options>
        </id>
        <indexes>
            <index name="name" columns="name" />
            <index name="slug" columns="slug" />
        </indexes>

        <field name="name" type="string" length="200">
            <options>
                <option name="default"/>
            </options>
        </field>
        <field name="slug" type="string" length="200">
            <options>
                <option name="default"/>
            </options>
        </field>
        <field name="group" type="bigint" column="term_group">
            <options>
                <option name="default">0</option>
            </options>
        </field>
    </entity>
</doctrine-mapping>
